Filename,MFCC_1,MFCC_2,MFCC_3,MFCC_4,MFCC_5,MFCC_6,MFCC_7,MFCC_8,MFCC_9,MFCC_10,MFCC_11,MFCC_12,MFCC_13,Chroma,Spectral_Centroid,Spectral_Bandwidth,ZCR,RMSE,Label
SOM001_processed.wav,-442.10855102539,51.8761482238769,20.7749691009521,5.620210647583,-4.56931066513061,-9.54844188690185,-18.8166065216064,-5.11794757843017,-9.38852500915527,-1.91571402549743,-7.10853672027587,-4.05208206176757,-4.64464139938354,0.201604411005973,1163.34574611776,719.419974992156,0.115909709266169,0.0311839301139116,1
SOM002_processed.wav,-423.040588378906,63.327335357666,16.8293018341064,11.828948020935,-5.005220413208,0.223801270127296,-23.7267456054687,-4.14549398422241,-12.8639507293701,-7.44904232025146,-5.78226518630981,-5.24557924270629,-6.72345256805419,0.256936222314834,1658.83494425955,1008.56475984279,0.163080384905828,0.044594906270504,1
SOM003_processed.wav,-611.644470214843,37.9680366516113,11.9073686599731,0.240264177322387,-7.65408086776733,-5.29637336730957,-7.65988540649414,-6.59284925460815,-8.43410778045654,-2.92624354362487,-4.25080490112304,-2.64685773849487,-3.01818466186523,0.205788493156433,1371.00551819046,946.640713619283,0.12756217517324,0.00344949634745717,1
SOM004_processed.wav,-470.100830078125,45.2026901245117,20.1919956207275,9.59259128570556,-1.03280687332153,-0.752238273620605,-6.9141206741333,-5.94958019256591,-6.25853967666626,-5.41174173355102,-3.40007901191711,-3.0176351070404,-1.11043953895568,0.206533938646316,1010.50248296376,786.136894736534,0.0911722081556503,0.0131556438282132,1
SOM005_processed.wav,-412.364196777343,58.9862403869628,18.2186183929443,22.60786819458,7.16364383697509,-1.51149487495422,-13.5484266281127,-10.7302122116088,-9.8919677734375,-9.31809616088867,-6.69542360305786,-1.77860474586486,-7.14168977737426,0.245607003569602,1113.01937750638,792.871303137709,0.109550253753553,0.0535784512758255,1
SOM006_processed.wav,-479.142639160156,43.7699508666992,7.70720911026001,10.2771530151367,-4.88936805725097,5.69177675247192,-10.4801311492919,-8.41250896453857,-8.30956935882568,-10.0417690277099,-6.93746948242187,-7.78516435623168,-7.13889741897583,0.255455613136291,1636.66484853723,1089.63053045655,0.155851601368159,0.0123479170724749,1
SOM007_processed.wav,-438.464904785156,45.9188995361328,9.29070568084716,3.91393136978149,-11.9254341125488,-9.1231575012207,-12.2895650863647,-9.45148754119873,-12.0773115158081,-6.47635841369628,-11.0567913055419,-3.88249039649963,-7.82315826416015,0.236472979187965,1467.39797333949,1064.38824201934,0.124773731787491,0.0353291109204292,1
SOM008_processed.wav,-625.9599609375,51.206241607666,12.8439683914184,18.8526020050048,5.1715760231018,2.34909653663635,-14.1834077835083,3.27383112907409,-9.29991149902343,-0.455027848482131,-6.22708845138549,-4.98694705963134,-2.98551249504089,0.240978121757507,1431.71070745568,1016.36863977915,0.126230940720504,0.00540689099580049,1
SOM009_processed.wav,-497.752044677734,23.1058273315429,15.6959209442138,10.9298152923583,-1.04640960693359,-0.87544310092926,-7.7748646736145,-2.83021807670593,-9.50217342376709,-4.94151401519775,-6.75036096572876,-5.47056913375854,-3.67447566986084,0.18238890171051,1065.97291408377,658.253101693667,0.0974608680925728,0.00732580199837684,1
SOM010_processed.wav,-503.074523925781,52.8661308288574,16.724063873291,1.67403006553649,-2.06859302520751,-5.64255380630493,-13.1229372024536,-8.26388549804687,-6.78360414505004,-6.69710111618042,-8.44915866851806,-0.169262275099754,-4.31254243850708,0.165326356887817,896.173473954278,583.743338118513,0.0892794676172707,0.0192541107535362,1
SOM011_processed.wav,-464.385223388671,39.0106048583984,3.70424652099609,8.56102561950683,-10.249168395996,-18.3479347229003,-14.2334175109863,-3.84947967529296,-12.219627380371,-4.63602590560913,-4.00336837768554,-4.08676195144653,-2.25897574424743,0.17381939291954,1151.64061821297,849.953100723542,0.101739141902096,0.0213168784976005,1
SOM012_processed.wav,-503.074523925781,52.8661308288574,16.724063873291,1.67403006553649,-2.06859302520751,-5.64255380630493,-13.1229372024536,-8.26388549804687,-6.78360414505004,-6.69710111618042,-8.44915866851806,-0.169262275099754,-4.31254243850708,0.165326356887817,896.173473954278,583.743338118513,0.0892794676172707,0.0192541107535362,1
SOM013_processed.wav,-509.608337402343,53.0596733093261,22.4297103881835,9.99183177947998,-6.69526672363281,-15.9784784317016,-14.2756099700927,-7.64519834518432,-9.74122524261474,-5.41592073440551,-11.5443429946899,-1.54693782329559,-7.66711568832397,0.225256979465484,1479.47662721377,1029.3335386676,0.149768734452736,0.0155058419331908,1
SOM014_processed.wav,-438.666839599609,42.8304824829101,18.2680358886718,0.844300389289856,-12.7442569732666,-13.2775440216064,-16.3671703338623,-9.79713153839111,-9.41046905517578,-5.77244901657104,-7.98208999633789,-3.55983304977417,-4.63508558273315,0.144861966371536,1123.1121737082,675.544958624564,0.112815873200959,0.0352404713630676,1
SOM015_processed.wav,-393.949890136718,39.0662498474121,1.48541331291198,2.04008388519287,-11.4582414627075,-9.23569107055664,-12.6237230300903,-1.47130215167999,-10.3818407058715,-4.20419073104858,-6.30678224563598,-8.64483737945556,-3.2595784664154,0.161845102906227,1410.06026082685,794.609784959256,0.149568146988272,0.0451663359999656,1
SOM016_processed.wav,-447.78677368164,41.8025093078613,17.2166900634765,18.8896579742431,-2.26655411720275,-13.0568475723266,-17.8380317687988,-7.72093057632446,-14.2682676315307,-6.02945232391357,-3.40457201004028,-4.99504947662353,-5.28921461105346,0.192091196775436,1341.81713359209,776.315505306818,0.137744591773276,0.0351984947919845,1
SOM017_processed.wav,-435.230773925781,44.6501007080078,21.7697010040283,13.4056682586669,-8.50010681152343,-4.42378759384155,-9.3730764389038,-6.2922019958496,-10.2416315078735,-4.82347631454467,-3.8389196395874,-2.9815878868103,-2.99039268493652,0.192635953426361,1241.23480208398,782.587314743607,0.121964813210732,0.0363808088004589,1
SOM018_processed.wav,-473.680603027343,46.5975151062011,0.165924564003944,4.70217323303222,-2.64755082130432,-10.8571939468383,-10.0788793563842,-11.4046459197998,-12.2013397216796,-4.7136263847351,-9.84655475616455,-4.57927942276001,-3.95992064476013,0.160656109452247,1128.72437690607,804.966042112993,0.129768290245202,0.0247952509671449,1
SOM019_processed.wav,-446.48486328125,49.4436073303222,24.0773563385009,16.7419567108154,-2.8343231678009,0.103316165506839,-8.98195171356201,-8.26935195922851,-8.02235794067382,-5.07658958435058,-3.27525520324707,-5.81450366973876,-3.70417690277099,0.217232301831245,966.839449238235,745.567457186334,0.0925339818763326,0.025095859542489,1
SOM020_processed.wav,-441.308532714843,32.2993545532226,11.0124397277832,8.57821178436279,-15.0861349105834,-10.6389055252075,-14.1583089828491,-12.0587520599365,-9.12837028503418,-5.94608068466186,-6.67468738555908,-5.55845403671264,-1.79591023921966,0.157542258501052,1207.28593283117,825.281953260449,0.117560217883795,0.0309397876262664,1
SOM021_processed.wav,-454.960632324218,41.2280006408691,21.2787971496582,13.5650205612182,-0.8805713057518,-10.6784381866455,-15.1001272201538,-7.39959096908569,-11.948124885559,-5.38282299041748,-4.70427322387695,-4.62692499160766,-3.69122433662414,0.208495572209358,1310.86455908496,879.220009945997,0.119798607409381,0.0269040428102016,1
SOM022_processed.wav,-505.199005126953,34.2715454101562,11.6744832992553,6.043212890625,-7.58509349822998,-9.07719802856445,-13.6713685989379,-11.2770137786865,-10.7543659210205,-8.23887538909912,-6.68527126312255,-2.84162735939025,-3.87512016296386,0.138818204402923,1068.32508850081,706.811726434358,0.098628648054371,0.0189802069216966,1
SOM023_processed.wav,-494.595947265625,59.458698272705,14.0336303710937,8.15381813049316,-4.41601848602294,-4.53656244277954,-13.074571609497,-11.5852088928222,-8.20840454101562,-4.75486421585083,-1.97590935230255,-0.222743317484855,-1.37997317314147,0.195921719074249,920.241264103137,686.600266033659,0.0880186817030916,0.0185611937195062,1
SOM024_processed.wav,-484.463989257812,38.053295135498,9.73132133483886,6.35193443298339,0.621858716011047,-8.19925785064697,-8.45291137695312,-8.65469360351562,-9.30981922149658,-4.75095558166503,-9.65155029296875,-7.83455085754394,-5.28025913238525,0.179317876696586,1140.89580044433,865.58283440349,0.104955482076226,0.013876580633223,1
SOM025_processed.wav,-423.906982421875,50.8363761901855,5.72805500030517,-0.847411394119262,5.88440418243408,-8.31124782562255,-16.4609012603759,-12.5752964019775,-17.8329429626464,-4.31246757507324,-8.43463230133056,-6.09144163131713,-4.35456657409668,0.237553566694259,1453.02618936438,1045.00537148502,0.134402277118869,0.0410467758774757,1
SOM026_processed.wav,-507.310913085937,54.3389091491699,21.4859790802001,10.1666088104248,2.00594401359558,-4.94898080825805,-6.31766176223754,-4.34319639205932,-5.54203033447265,-3.92094707489013,-3.58599162101745,-2.43597078323364,-3.23677396774292,0.303287148475647,1359.22794044145,927.960540976884,0.135573874489161,0.0172796435654163,1
SOM027_processed.wav,-428.455139160156,54.5754814147949,23.1683483123779,13.004729270935,-5.62027692794799,-6.42714834213256,-17.8358764648437,-12.8430395126342,-11.5526819229125,-9.63642406463623,-7.36399316787719,-4.72769594192504,-3.86260271072387,0.202103674411773,1092.27173977006,812.364262009587,0.113679301594705,0.046248935163021,1
SOM029_processed.wav,-418.58120727539,60.3802986145019,18.353214263916,3.37728691101074,-9.17231750488281,-12.9877939224243,-22.59690284729,-11.6142301559448,-8.15855312347412,-6.03299283981323,-9.01112365722656,-1.20455050468444,-3.65787839889526,0.18999832868576,995.496399945125,682.106203778084,0.102795869980454,0.0499697402119636,1
SOM030_processed.wav,-516.140869140625,40.6755447387695,11.0426149368286,3.0442681312561,-14.4691638946533,-9.90889453887939,-16.8694496154785,-7.74791765213012,-11.8262720108032,-7.50884103775024,-7.29667425155639,-4.99094104766845,-7.01494216918945,0.229143917560577,1558.53918284815,1101.94660481114,0.139464160780916,0.0102430135011672,1
SOM031_processed.wav,-423.154846191406,37.2760963439941,-3.66814994812011,-3.59907698631286,-13.4938869476318,-7.80134487152099,-16.238410949707,-7.41784572601318,-13.0117464065551,-4.96953296661376,-9.2991828918457,-6.31444501876831,-2.31756734848022,0.208259001374244,1668.29951580149,1001.49592380225,0.173908290578358,0.0335540808737278,1
SOM032_processed.wav,-426.776916503906,48.8514175415039,17.5374374389648,-4.46459054946899,-12.2568254470825,-10.0115623474121,-20.7773933410644,-7.8721432685852,-11.350341796875,-5.24896621704101,-7.39259624481201,-3.57900023460388,-7.31697797775268,0.19879825413227,1482.64124580471,895.242215044825,0.15207340807125,0.0339878909289836,1
SOM033_processed.wav,-451.295227050781,43.8674087524414,13.1128911972045,16.1962127685546,-5.35132789611816,-8.98936367034912,-5.19795751571655,-7.70676469802856,-9.74436855316162,-3.74548196792602,-7.68463611602783,-5.81160497665405,-5.01591110229492,0.211599826812744,1282.66220724907,883.394179843218,0.118456267768301,0.0268045756965875,1
SOM034_processed.wav,-440.042694091796,62.183536529541,22.3027172088623,18.3298740386962,12.4044246673583,-1.37027084827423,-3.47162342071533,3.71005368232727,-9.33402919769287,-6.90459823608398,-6.11737918853759,-7.56357431411743,-5.54146814346313,0.321005165576934,1207.64288661513,993.609696561917,0.106651105521499,0.0282138679176569,1
SOM035_processed.wav,-426.089233398437,58.6401481628418,16.2783184051513,10.8940153121948,5.69408655166626,-1.41317212581634,-17.1719226837158,-9.58748912811279,-12.2240695953369,-8.61835670471191,-11.4934291839599,-5.24907398223876,-4.64832353591918,0.197297394275665,1069.6935902074,780.198952708636,0.108459516035891,0.0415998809039592,1
SOM036_processed.wav,-437.951568603515,52.4759902954101,18.284439086914,13.6874237060546,-2.56910634040832,-10.0493650436401,-13.7212305068969,-10.9572820663452,-11.3104228973388,-9.16546726226806,-8.56240653991699,-6.03130292892456,-6.3077540397644,0.203403830528259,1120.39467791271,716.131221607095,0.107558260594349,0.0329034924507141,1
SOM037_processed.wav,-404.245727539062,57.3361358642578,22.2683544158935,12.7685842514038,0.269182473421096,-8.57299137115478,-12.0698795318603,-8.20416355133056,-10.2196636199951,-6.92142868041992,-4.51676893234252,-3.70585680007934,-6.30387687683105,0.220391333103179,1358.21670500738,841.92285897755,0.131310176239339,0.0493366084992885,1
SOM038_processed.wav,-432.94287109375,61.3894920349121,15.5046367645263,3.21098113059997,10.8883085250854,-0.778983652591705,-14.7107601165771,-13.7350120544433,-15.6307258605957,-8.00646495819091,-5.87548637390136,-8.1011962890625,-2.46709370613098,0.216561838984489,1218.7208848857,825.8369079614,0.116253276030561,0.0434214659035205,1
SOM039_processed.wav,-478.905212402343,44.0653457641601,11.2989253997802,9.35255050659179,-9.03367614746093,-14.3229055404663,-17.466833114624,-5.31962347030639,-9.95674133300781,-8.17027473449707,-7.23696613311767,-2.81234860420227,-5.65168285369873,0.264820128679275,1796.0947318253,1206.38953702273,0.1715973702914,0.0156650971621274,1
SOM040_processed.wav,-474.930023193359,30.1805877685546,9.67752933502197,1.03828167915344,-2.36407899856567,-3.49315786361694,-11.260064125061,-5.70382213592529,-4.41131496429443,-5.06203317642211,-4.9995093345642,-2.96073698997497,-2.68053388595581,0.151488095521926,837.150004398833,630.684049159739,0.0834704130019545,0.00983696803450584,1
SOM041_processed.wav,-467.767364501953,36.8782577514648,20.3072452545166,19.4371109008789,-5.38934230804443,-12.4158058166503,-17.0540466308593,-12.4092054367065,-7.67317199707031,-8.98515892028808,-10.7846803665161,-2.86752891540527,-5.61156034469604,0.151402309536933,1161.38767253216,728.509803425525,0.105656844127576,0.0340269468724727,1
SOM042_processed.wav,-496.516448974609,70.9142761230468,18.0369930267334,-0.156192392110824,-0.108607180416584,1.71704173088073,-9.59874057769775,-9.44605541229248,-9.38220310211181,-2.30245637893676,-2.71303415298461,-5.85189914703369,-3.41363978385925,0.216790243983268,1093.12922797506,755.601164689729,0.117033068474591,0.0252280253916978,1
SOM043_processed.wav,-468.241485595703,46.1871604919433,5.16564035415649,11.1970157623291,-9.40124130249023,-7.17678070068359,-12.0622014999389,-13.1501750946044,-12.314522743225,-7.0289249420166,-5.72116756439209,-4.85234117507934,-5.05303621292114,0.203849807381629,1347.63009134517,883.69496627033,0.130072294776119,0.0249247550964355,1
SOM044_processed.wav,-422.215606689453,49.5824890136718,11.3354454040527,8.5172758102417,-2.86421632766723,-2.64835858345031,-16.6328163146972,-12.9847078323364,-15.0632438659667,-14.7491378784179,-9.20591068267822,-5.88779687881469,-4.36973476409912,0.216882675886154,1373.07711770425,1017.6361824411,0.126154939587775,0.0380006358027458,1
SOM045_processed.wav,-427.453094482421,46.4419517517089,9.41767883300781,7.13227272033691,-5.57231998443603,-10.4063720703125,-11.1983909606933,-13.2668161392211,-10.1932706832885,-8.29393482208252,-12.4346323013305,-2.57496070861816,-5.20861291885376,0.171742632985115,1197.23648488502,773.010485741813,0.118006854677505,0.0353271774947643,1
SOM046_processed.wav,-476.071868896484,23.629783630371,9.14090919494628,2.9183452129364,-3.89505982398986,1.44419193267822,-6.08794403076171,-3.19613742828369,-4.11612749099731,-6.10062599182128,-4.65521621704101,-4.02086162567138,-3.85498404502868,0.188982546329498,1024.80200961579,718.13196463931,0.0920512532205046,0.00802300777286291,1
SOM047_processed.wav,-492.390014648437,47.9703979492187,22.0384578704834,21.7134342193603,-3.50657296180725,1.03601062297821,-12.1108503341674,-7.37673377990722,-8.97995281219482,-10.7191562652587,-8.56461524963378,-7.84024095535278,-4.05356121063232,0.208684161305427,1010.710758629,719.565985538141,0.0953147904450959,0.0251488275825977,1
SOM048_processed.wav,-554.867065429687,30.7434749603271,9.06376647949218,9.73743057250976,-1.50528264045715,-6.15261363983154,-6.46633863449096,-8.16337776184082,-6.02213478088378,-5.30759763717651,-5.05152511596679,-3.24231100082397,-4.74465894699096,0.168904930353164,981.695948767436,689.100512928114,0.0948223447494669,0.00505588576197624,1
SOM049_processed.wav,-440.139556884765,54.3399314880371,12.1189546585083,13.4143571853637,0.199613228440284,-5.14697313308715,-15.2933626174926,-7.38308048248291,-12.7418098449707,-6.92993545532226,-8.17974281311035,-5.23104667663574,-5.80792903900146,0.171716451644897,1007.05515728805,714.591085629115,0.096090071406361,0.0430830158293247,1
SOM050_processed.wav,-440.409484863281,73.6720886230468,22.0197734832763,9.36424255371093,1.36791551113128,-7.56942844390869,-18.0611515045166,-7.16107368469238,-2.17132806777954,-3.67068195343017,-6.50673532485961,-8.72326469421386,-5.0646014213562,0.236970946192741,924.924707772266,761.225437191188,0.0896476740183013,0.0353251062333583,1
SOM051_processed.wav,-512.277587890625,57.8842735290527,8.19434833526611,20.984956741333,1.09452128410339,-11.4389171600341,-12.9646434783935,-10.3401937484741,-13.5959434509277,-9.91416263580322,-9.73869514465332,-7.03140497207641,-5.83891916275024,0.197705581784248,1250.25320802421,833.129949947707,0.130043490693852,0.0194044206291437,1
SOM052_processed.wav,-440.69790649414,45.2972526550293,34.5335693359375,15.4299669265747,5.86647272109985,-2.46617579460144,-16.5793113708496,2.2784731388092,-12.7716274261474,-8.3004035949707,-7.93482065200805,-2.32753944396972,-6.7864089012146,0.202763423323631,1169.64894850351,896.66588123976,0.108362345637882,0.0384603589773178,1
SOM053_processed.wav,-467.990325927734,46.8138618469238,23.9855632781982,7.41721200942993,-3.89501047134399,1.27921140193939,-12.2694454193115,-13.7059650421142,-9.06454372406005,-7.12796211242675,-6.59055471420288,-4.94276237487793,-7.08401584625244,0.17057691514492,925.783407863888,649.085082354402,0.0926294170886638,0.0275895074009895,1
SOM054_processed.wav,-418.459045410156,54.6800918579101,24.4940452575683,16.0923080444335,-2.15668225288391,-3.28788113594055,-12.9643535614013,-15.1901473999023,-17.4183406829834,-9.85381698608398,-8.63403511047363,-5.67992162704467,-7.42760944366455,0.173729047179222,983.911924013347,732.219222247322,0.098631424351457,0.0495876483619213,1
SOM055_processed.wav,-436.923248291015,46.6577224731445,21.057165145874,5.99423694610595,-4.52333498001098,-2.54006600379943,-16.1849060058593,-8.48615169525146,-8.99089241027832,-4.61778450012207,-3.14523530006408,-6.63286781311035,-0.664033591747283,0.200866505503654,1062.80260615639,820.281030220535,0.0991551033893034,0.0358675345778465,1
SOM056_processed.wav,-480.709930419921,24.2799701690673,11.525707244873,6.36787509918212,-4.03532743453979,-5.87245082855224,-8.90316677093505,-6.54821872711181,-7.2584524154663,-2.63860464096069,-3.69583487510681,-1.94824039936065,-0.638527393341064,0.205142334103584,1307.92819460199,911.673278878009,0.122108139547796,0.00553964544087648,1
SOM057_processed.wav,-451.768310546875,43.4850425720214,9.8497257232666,20.4604682922363,0.167871728539466,-3.78844904899597,-9.94896793365478,-17.5680828094482,-2.77105379104614,-6.28406953811645,-11.3865156173706,-3.87540507316589,-4.95330190658569,0.170214653015136,1013.63343811433,724.513082907062,0.0900019989339019,0.0294550992548465,1
SOM058_processed.wav,-460.221496582031,56.5254364013671,31.876932144165,3.76603102684021,3.34796786308288,-1.76058292388916,-5.04343223571777,-4.87248516082763,-6.89014673233032,-1.07449877262115,-5.37841081619262,-2.75101232528686,-2.82584142684936,0.282357811927795,1642.17585536865,1032.14531396765,0.19551412857587,0.0275899656116962,1
SOM059_processed.wav,-581.014465332031,28.3454933166503,3.12338304519653,-2.92688870429992,-5.23885679244995,-10.662275314331,-13.2970008850097,-9.49422931671142,-7.31301641464233,-2.6834602355957,-1.97278678417205,-1.5424690246582,-1.17942941188812,0.138483569025993,1144.44600487374,733.333319259268,0.109353136660447,0.00432148249819874,1
SOM060_processed.wav,-470.187194824218,54.9246940612793,18.3539142608642,8.52090835571289,1.83203315734863,-2.21503281593322,-15.1555166244506,-8.64113807678222,-8.70916652679443,-14.3188428878784,-5.99416303634643,-3.09448337554931,-8.0784683227539,0.192025676369667,1128.97252626852,701.419719061489,0.118619375222103,0.0290597695857286,1
SOM061_processed.wav,-491.977264404296,29.2152347564697,5.46339035034179,12.0706195831298,-1.09247362613677,-6.20370531082153,-11.3976278305053,-10.2097063064575,-5.77284383773803,1.57852339744567,-6.5617036819458,-1.92620360851287,-2.49805736541748,0.228079989552497,1635.38667761223,974.197037771862,0.151096151496979,0.0214346349239349,1
SOM062_processed.wav,-497.227172851562,47.2624702453613,1.14582633972167,30.7846851348876,-6.07622051239013,-5.28121852874755,-13.3023405075073,-15.6009769439697,-9.66532802581787,-8.95466041564941,-6.5676999092102,-6.07005977630615,-5.32639932632446,0.231866523623466,1235.65742295065,833.103452761535,0.111416966506751,0.0187541022896766,1
SOM063_processed.wav,-498.256042480468,41.1891250610351,19.1535491943359,17.1338500976562,-6.00141525268554,5.49766588211059,-9.00016689300537,-4.81034851074218,-7.24572324752807,-8.75517177581787,-6.25115013122558,-8.74249744415283,-6.43470859527587,0.224377647042274,1237.38391393978,862.12478506312,0.108509489383439,0.0161856915801763,1
SOM064_processed.wav,-512.794860839843,28.4534683227539,3.39022827148437,11.5532894134521,-9.43951320648193,-7.47135829925537,-7.14364624023437,-13.2637729644775,-6.22875595092773,-4.27458190917968,-6.90927982330322,1.3215879201889,0.404770106077194,0.213285565376281,1450.7474198819,819.625803244432,0.134766319074271,0.0183768682181835,1
SOM065_processed.wav,-438.733306884765,56.6304206848144,14.3970489501953,8.2920217514038,-14.0990400314331,-14.8403463363647,-22.6477508544921,-18.5415420532226,-12.3098154067993,-8.69470500946045,-3.69308066368103,0.268848836421966,-5.36448144912719,0.173159167170524,1100.12348722221,725.576828145451,0.108414401208244,0.0380114950239658,1
SOM066_processed.wav,-465.853363037109,44.2448577880859,17.1148128509521,1.84310030937194,2.80363178253173,-5.57007026672363,-11.3198060989379,-4.24794054031372,-8.92011070251464,-5.83778047561645,-7.53598070144653,-4.77882957458496,-4.43821239471435,0.153269171714782,882.813504492989,651.4551780903,0.0854065331823027,0.0250765979290008,1
SOM067_processed.wav,-481.407958984375,45.2308273315429,6.38912630081176,12.7272701263427,2.70039319992065,-2.40124320983886,-10.9369325637817,-7.7181053161621,-8.26856327056884,-5.82630395889282,-1.07187020778656,-5.01206159591674,-0.207869842648506,0.170969411730766,796.470323290295,564.813568286926,0.0775749461398365,0.0243363808840513,1
SOM068_processed.wav,-445.139038085937,50.6962966918945,17.7580642700195,-23.0611000061035,-16.3319816589355,-9.35576057434082,-19.473066329956,-14.6723899841308,-20.3445529937744,-6.20692729949951,-8.14116477966308,-2.61782550811767,-1.39799046516418,0.279438257217407,1574.50666220647,835.622017603807,0.151437289001421,0.0315834358334541,1
SOM069_processed.wav,-482.20913696289,48.7020416259765,23.5952816009521,27.096809387207,8.78387832641601,-10.8271198272705,-17.4643936157226,-8.15713500976562,-9.66916942596435,-6.19364547729492,-6.62311220169067,-2.14087200164794,-3.54194092750549,0.236643210053443,1381.28871694635,893.097893795053,0.120024528584754,0.0274881497025489,1
SOM070_processed.wav,-513.547729492187,22.2049102783203,-8.37390518188476,15.910080909729,4.62060594558715,-14.6474990844726,-7.66970682144165,-4.97545528411865,-13.3013687133789,-3.09914946556091,-1.34618425369262,-2.23236179351806,-7.95731735229492,0.211571618914604,1746.94575977493,877.417952478698,0.177855490960376,0.020330810919404,1
SOM071_processed.wav,-432.498321533203,40.8647804260253,8.57314109802246,9.3762559890747,-7.37690258026123,-19.8845481872558,-17.5240230560302,-5.10243129730224,-7.93260335922241,-8.58032417297363,-8.04302215576171,-8.62186527252197,-2.04225802421569,0.141574084758758,958.830583640728,629.32969698764,0.0888612878686922,0.0374881587922573,1
SOM072_processed.wav,-458.991485595703,59.0781707763671,31.4720764160156,20.7957019805908,-4.92046880722045,-4.42019510269165,-14.4601716995239,-8.6494436264038,-11.3749198913574,-9.47051334381103,-7.10262393951416,-4.04095125198364,-4.23877143859863,0.254957437515258,1466.08953939273,884.079250449833,0.1469105366027,0.0375305712223053,1
SOM073_processed.wav,-448.194732666015,45.1837768554687,13.1902961730957,10.8174877166748,-0.0401648618280887,-9.37138271331787,-16.6117458343505,-12.395468711853,-9.6313772201538,-6.99946117401123,-6.62176418304443,-2.25998640060424,-6.12335205078125,0.176091074943542,1224.95653687542,773.390705600596,0.126686600479744,0.0343716479837894,1
SOM074_processed.wav,-550.619995117187,14.2446002960205,3.22103905677795,5.60910749435424,-5.47237873077392,-5.70083570480346,-10.9322624206542,-0.0631976351141929,-4.38643169403076,-2.32923293113708,-5.24070596694946,-4.2524356842041,-5.45902585983276,0.174269974231719,1402.14504216751,710.325396910075,0.129692983186744,0.00777794560417532,1
SOM075_processed.wav,-463.229553222656,54.4512596130371,32.3741874694824,5.48566436767578,1.37288534641265,-4.76195907592773,-7.19828224182128,0.109501928091049,0.934182345867157,-1.16378712654113,-3.43608140945434,1.13229525089263,-1.2827318906784,0.294654786586761,1475.10384518856,909.128496089773,0.132724005530383,0.0280308835208416,1
SOM076_processed.wav,-442.29443359375,51.1976928710937,20.8388748168945,20.8484191894531,3.52105951309204,1.53749144077301,-10.7547636032104,-12.0714178085327,-9.53421401977539,-10.5754308700561,-9.29846096038818,-6.85377883911132,-8.18895244598388,0.220559164881706,1107.06534506955,781.088184222224,0.097116607253909,0.0373945198953151,1
SOM077_processed.wav,-425.546875,45.6913185119628,26.5293045043945,2.58199024200439,1.0200560092926,-0.400927752256393,-9.85120868682861,-7.44801712036132,-5.42034721374511,-4.1125464439392,-8.11658954620361,-1.57036697864532,-3.17328977584838,0.291951566934585,1468.19821948178,1041.38483159653,0.136671899986673,0.0347425006330013,1
SOM078_processed.wav,-452.000793457031,39.2659873962402,22.8350048065185,3.09337306022644,-6.53182458877563,-0.015720522031188,-14.9043464660644,-9.22319602966308,-4.77757406234741,-3.14418482780456,0.200829699635505,-1.52999997138977,1.19239044189453,0.231806725263595,1080.73774945794,784.473169906418,0.102163915356254,0.0224559400230646,1
SOM079_processed.wav,-439.928894042968,50.2140617370605,20.8316116333007,20.3762912750244,3.51010918617248,1.72670769691467,-10.7259473800659,-11.7619295120239,-9.57065391540527,-10.5592489242553,-9.26593494415283,-6.80522203445434,-8.13819122314453,0.222155213356018,1120.35324926498,788.049476507131,0.0977496029895167,0.0362091027200222,1
SOM080_processed.wav,-475.024688720703,57.7243919372558,16.2675399780273,12.0201406478881,6.43065452575683,5.79261016845703,-9.97021198272705,-9.08489227294921,-12.5875740051269,-7.57042932510376,-1.64725995063781,-3.91564321517944,-2.40080189704895,0.271096169948577,1263.37222663167,840.04240616289,0.114942516768834,0.0260178353637456,1
SOM081_processed.wav,-478.122161865234,39.1744384765625,22.2217082977294,26.8368644714355,11.5391635894775,-6.0491042137146,-14.2992219924926,-8.2228422164917,-10.3441066741943,-5.98489952087402,-6.55728912353515,-4.25974607467651,-5.65130233764648,0.237607032060623,1433.22695607312,903.635647230896,0.125410544931592,0.0261135622859001,1
SOM082_processed.wav,-503.309967041015,20.0385341644287,2.99560022354125,39.128662109375,6.46286153793335,-10.3617849349975,-1.43950676918029,-5.01769733428955,-12.8753051757812,-9.60745334625244,-6.51965284347534,-4.2073335647583,-5.21913385391235,0.215990722179412,1625.70621244676,909.958709776548,0.162424137682125,0.0224691424518823,1
SOM083_processed.wav,-521.20703125,55.3594818115234,23.2716579437255,8.98425865173339,0.514096438884735,-8.05344772338867,-21.7960414886474,-8.75622463226318,-2.35087037086486,-4.34403133392334,-6.63510513305664,-8.02738094329834,-3.80140566825866,0.190638691186904,912.963364060529,669.071489331956,0.087342653362651,0.0171667095273733,1
SOM084_processed.wav,-495.365936279296,22.3774986267089,1.31422805786132,1.59139847755432,-3.02011704444885,-5.06725263595581,-14.6742572784423,-12.6857118606567,-18.9442043304443,-6.43178033828735,3.90441179275512,-5.48693180084228,-0.880535244941711,0.161421820521354,1111.30569347254,654.386424083113,0.105263304015636,0.0188929755240678,1
SOM085_processed.wav,-437.297698974609,38.1555442810058,14.5111618041992,19.6749992370605,6.38237571716308,1.20613741874694,-7.03839635848999,-1.0153921842575,-4.3552017211914,-6.12585163116455,-4.84810543060302,-4.1974811553955,-3.5418894290924,0.240826725959777,1243.56777083921,823.41421385072,0.11125212386727,0.0300513878464698,1
SOM086_processed.wav,-481.205657958984,47.4729652404785,26.5726108551025,13.0854864120483,-0.331799268722534,-14.6031522750854,-12.9109296798706,-7.3876028060913,-13.6881284713745,-7.21726894378662,-7.28255462646484,-3.37072944641113,-6.35022592544555,0.21454307436943,1478.69207715323,957.479163941056,0.133157801950071,0.0228733103722333,1
SOM087_processed.wav,-456.772918701171,32.3929595947265,7.71150255203247,5.60894155502319,-6.81785154342651,-8.97257328033447,-9.23163223266601,-6.86751079559326,-10.4990301132202,-2.60031843185424,-5.13606643676757,-3.50678730010986,-2.76637554168701,0.152487307786941,1061.75157902656,660.219066192652,0.1012897288113,0.0280459951609373,1
SOM088_processed.wav,-484.155822753906,25.7882690429687,9.23202896118164,0.530109286308288,-6.47608613967895,-6.25094318389892,-2.80590724945068,0.0372491441667079,-0.972291409969329,7.5291519165039,-1.5915949344635,-4.24095106124877,3.24094104766845,0.160089060664176,1164.76135349514,633.240601625678,0.111643928793532,0.0210872013121843,1
SOM089_processed.wav,-415.646942138671,60.8698959350585,31.381513595581,23.2474765777587,22.7054004669189,-4.11603641510009,-21.5732192993164,-16.4208164215087,-24.1791095733642,-9.9931640625,-17.6255073547363,-15.2380065917968,-8.13473510742187,0.230536326766014,1494.0513779786,1070.8463443672,0.136203746890547,0.0650444254279136,1
SOM090_processed.wav,-455.108917236328,40.4945182800293,9.16804504394531,8.62717151641845,-1.2195154428482,-16.2099094390869,-12.9260807037353,-9.38708686828613,-14.5121755599975,-2.22324681282043,-6.55394744873046,-8.06941604614257,-4.75439500808715,0.169521778821945,1013.74116838246,669.690557653199,0.0979040345149253,0.0276559479534626,1
SOM091_processed.wav,-538.307983398437,18.3888626098632,12.6206798553466,-8.5616979598999,-5.1875786781311,-5.62151765823364,-16.4022998809814,-10.6673250198364,-10.8038272857666,-5.46711540222168,-3.05962061882019,-1.76413476467132,0.970071196556091,0.187348634004592,1637.94098873935,932.141276401761,0.1534639858742,0.0153581146150827,1
SOM092_processed.wav,-469.175903320312,39.9420089721679,17.3723411560058,6.19242715835571,5.41765594482421,-7.24811363220214,-11.2428216934204,-1.02715182304382,-5.4171085357666,-4.10498857498168,-3.43036079406738,-3.14219808578491,-6.52694129943847,0.20161348581314,1165.59033788362,758.526113682622,0.118700928949004,0.0221111811697483,1
SOM093_processed.wav,-478.761627197265,38.1890830993652,5.42033815383911,5.65512132644653,2.91535806655883,0.971427321434021,-5.79630899429321,-8.72639751434326,-5.32011079788208,-4.16006135940551,-5.82094573974609,-3.2348985671997,-1.93686366081237,0.166549563407897,878.032806887509,629.578220426474,0.0816953180525941,0.0150179294869303,1
SOM094_processed.wav,-449.334045410156,36.7611274719238,9.21525382995605,26.8769092559814,0.353187501430511,-7.98676395416259,-12.0540132522583,-1.19318151473999,-14.8146238327026,-6.64156913757324,-1.13364231586456,-6.12220335006713,-2.36724948883056,0.21170037984848,1297.58236187031,786.058803884416,0.114463258484363,0.0400458015501499,1
SOM095_processed.wav,-480.108825683593,41.624282836914,10.8208675384521,19.618200302124,3.79458999633789,-0.711588859558105,-4.91666555404663,-14.2188053131103,-12.6381177902221,-2.31447982788085,-7.72657632827758,-6.81672668457031,-3.30228972434997,0.240042343735694,1520.7446090683,982.272725630209,0.138206845238095,0.0220908764749765,1
SOM096_processed.wav,-478.568420410156,44.9953804016113,9.30140113830566,16.5694370269775,3.83548808097839,-3.93980145454406,-7.05777215957641,-13.7412252426147,-10.5062589645385,-8.20153045654296,-7.38834142684936,-4.46812105178833,-2.02120780944824,0.184739485383033,876.342479709627,712.173264549803,0.0795561811478322,0.0209930185228586,1
SOM097_processed.wav,-452.180603027343,60.0270080566406,17.746841430664,18.727518081665,3.79819202423095,-2.19583797454834,-10.995771408081,-10.71630859375,-10.8759222030639,-12.2376289367675,-5.62987089157104,-8.41227340698242,-5.72954702377319,0.251114219427108,1237.00624575474,1027.90522774545,0.111388162424484,0.0314095541834831,1
SOM098_processed.wav,-434.624908447265,46.7866096496582,14.8414821624755,13.7770185470581,-1.89757871627807,-0.730773985385894,-9.79025936126709,-3.50597596168518,-1.10747075080871,-8.42195034027099,-2.10181784629821,-0.984882831573486,-4.7003526687622,0.200167790055274,1138.18112182613,745.3820671301,0.107479483164534,0.0362021811306476,1
SOM099_processed.wav,-470.94644165039,55.9052352905273,36.3224906921386,15.0226097106933,-0.0429238937795162,-7.83131837844848,-12.085163116455,-2.85748267173767,-5.94212532043457,-6.28470182418823,-5.44080257415771,-3.11175298690795,-2.80720353126525,0.263894885778427,1095.66698530743,720.50689457069,0.0974226940076403,0.0362359546124935,1
SOM100_processed.wav,-486.380767822265,45.5926132202148,9.42568111419677,7.95154953002929,5.85210466384887,-16.8398494720459,-16.3422183990478,-2.76697611808776,-8.45071125030517,-5.32246541976928,-4.06751585006713,-5.33628749847412,-3.30834031105041,0.195943608880043,1243.66827962236,732.418671445106,0.130650805681414,0.0205424465239048,1
SOM101_processed.wav,-467.687866210937,42.7706680297851,20.4691753387451,10.8021717071533,2.09843778610229,-0.684068620204925,-9.5118350982666,-9.35960865020752,-13.2541894912719,-9.09239196777343,-3.33916640281677,-5.26841449737548,-5.92070007324218,0.221880853176116,1331.66927112444,866.715035115897,0.127506996268656,0.025005217641592,1
SOM102_processed.wav,-488.167907714843,45.0291633605957,11.0805835723876,8.47085762023925,-8.93608570098877,-0.268533766269683,-3.87395811080932,-15.9188289642333,-4.14004278182983,-2.09281516075134,-5.75435161590576,-3.88478255271911,-4.33584642410278,0.184756115078926,1071.86022072345,712.932982630745,0.102825368136993,0.0214286670088768,1
SOM103_processed.wav,-432.849060058593,52.1926307678222,21.8613204956054,33.30904006958,7.95577907562255,-4.36149835586547,-24.5110282897949,-17.6752643585205,-1.72047078609466,-10.3702058792114,-14.3235826492309,-3.44043588638305,-3.61695003509521,0.227978587150573,1489.10307384141,957.366868999783,0.13723479422086,0.0497088469564914,1
SOM104_processed.wav,-493.420928955078,46.8533134460449,13.1741409301757,5.93505525588989,-5.38094234466552,-1.18391418457031,-5.80977010726928,-15.9451541900634,-5.22514581680297,-2.02795958518981,-6.16129159927368,-2.45123982429504,-5.95007371902465,0.182819336652755,1028.65652146958,710.150201200286,0.0972123895033759,0.0216327849775552,1
SOM105_processed.wav,-434.22866821289,6.90810298919677,-30.8559856414794,6.16015815734863,-14.4653701782226,-14.5931711196899,-17.7412967681884,-7.33883047103881,-0.194674804806709,-0.105302520096302,3.8006420135498,1.40723121166229,-1.84622454643249,0.162123277783393,1440.1251097132,670.08987034442,0.157226909537135,0.0387764796614646,1
SOM107_processed.wav,-475.270263671875,37.9261932373046,15.4761152267456,-0.177093043923378,5.44757509231567,-18.6190109252929,-16.4226913452148,-9.97775173187255,-12.0363140106201,-6.23041200637817,-6.1632432937622,-2.11687493324279,-2.36450409889221,0.193062737584114,1368.7730024994,881.156734665066,0.127801283759772,0.0219802185893058,1
SOM108_processed.wav,-502.76138305664,53.022289276123,24.9666652679443,16.9508228302001,-3.44241881370544,-3.96955370903015,-6.75396585464477,-10.2809753417968,-8.28005790710449,-6.29444217681884,-8.81245613098144,-5.00352811813354,-3.83103513717651,0.216174349188804,1034.38317109922,663.390233032437,0.104779187211265,0.0215712189674377,1
SOM109_processed.wav,-470.884246826171,39.9167823791503,29.3895416259765,6.8883261680603,-3.05957651138305,-1.40301799774169,-12.0514516830444,-19.9563407897949,-16.5017414093017,-3.4685959815979,-9.49383926391601,-10.7139091491699,-2.80219173431396,0.237339586019516,1541.88025371348,1072.11279556604,0.136257537646588,0.024972079321742,1
SOM110_processed.wav,-510.260986328125,17.3540706634521,30.0727214813232,14.8551540374755,11.8992958068847,0.392539083957672,-7.95568132400512,-0.514301598072052,-8.73883819580078,-1.61813461780548,-5.20686340332031,-5.87149333953857,1.65758228302001,0.171559602022171,1258.11113730126,738.705044487359,0.117889903162757,0.0230160076171159,1
SOM111_processed.wav,-443.870391845703,49.7025756835937,1.73554098606109,25.2058315277099,-2.7134563922882,-15.1859455108642,-14.1738376617431,-9.6506872177124,-14.084002494812,-7.52488374710083,-6.2853455543518,-2.36478781700134,-8.84675693511962,0.237370714545249,1492.87731203195,905.144140871416,0.142850202114427,0.0311368368566036,1
SOM112_processed.wav,-480.997863769531,31.7323474884033,12.4384241104125,8.8675889968872,-19.0221805572509,-10.4990825653076,-19.8373088836669,-8.97202014923095,-9.99550342559814,-5.02804708480835,-3.29258561134338,0.511059701442718,-0.432367593050003,0.184947907924652,1411.94023799565,804.439352222465,0.13838279306592,0.0246696304529905,1
SOM113_processed.wav,-432.309356689453,71.1964874267578,29.1624240875244,10.1350917816162,-11.6714763641357,-5.85781335830688,-14.457311630249,-9.08738040924072,-10.4841413497924,-10.8906030654907,-2.7827866077423,-6.58810091018676,-11.8420915603637,0.2614526450634,1311.37824865509,980.173583362249,0.121011155161691,0.0364968292415142,1
SOM114_processed.wav,-485.454772949218,18.0570163726806,8.07305908203125,17.5160503387451,-5.43833303451538,-3.93708729743957,-8.75672817230224,-12.0412712097167,-4.70039796829223,-5.24861478805542,-8.50020694732666,-7.54356288909912,-2.83940863609313,0.176601722836494,1256.476442351,758.99758496696,0.115193424617981,0.0206617601215839,1
SOM115_processed.wav,-445.804290771484,49.6137619018554,5.8839111328125,4.56794071197509,-5.37998723983764,-3.61065340042114,-5.60358572006225,-0.471689373254776,-6.41672754287719,-8.04524707794189,-7.95863246917724,-3.93495035171508,-7.17864656448364,0.18195728957653,1087.50965482005,737.4089678815,0.0989708266702203,0.0341033935546875,1
SOM116_processed.wav,-527.507873535156,43.9661903381347,6.50423383712768,12.9314556121826,-7.33677816390991,-6.04401969909668,-18.7104911804199,-10.1569900512695,-13.1167602539062,-7.80533218383789,-6.3788833618164,-3.60481643676757,-2.79548692703247,0.169180810451507,1244.44654237062,814.292565667027,0.120021752287668,0.0161016806960105,1
SOM117_processed.wav,-414.710021972656,30.5748481750488,-0.660477578639984,9.11544513702392,-10.2128181457519,-8.16526889801025,-16.4956607818603,-12.834300994873,-8.10882091522216,-8.29470062255859,-6.04187536239624,-5.94439888000488,-5.63306188583374,0.276733189821243,1739.1759760352,1185.81382095991,0.151361287868692,0.0323312990367412,1
SOM118_processed.wav,-441.736328125,15.2265872955322,-2.64081048965454,7.63358163833618,-8.12286376953125,-17.5478553771972,-15.8554811477661,-1.85534799098968,-13.2545337677001,-2.24478340148925,-6.63781261444091,-3.45181608200073,-1.90655648708343,0.192407801747322,1616.09050244482,789.348505450512,0.155967164734363,0.0338850691914558,1
SOM119_processed.wav,-462.659027099609,37.8515396118164,13.9307775497436,4.92773914337158,-9.56890392303466,-11.5481843948364,-7.67830419540405,-6.62513303756713,-9.24926662445068,-2.67414736747741,-6.74338388442993,-5.37673902511596,-1.42914617061615,0.200765922665596,1295.48761928354,780.424827285467,0.117661552727434,0.0214767977595329,1
SOM120_processed.wav,-503.123321533203,47.0267028808593,-2.79373812675476,3.3678503036499,-12.3948421478271,-12.3680009841918,-11.3316249847412,-10.9089374542236,-8.96199512481689,-8.02771472930908,-6.52080965042114,-3.85733103752136,-2.1089973449707,0.22719606757164,1481.86404838867,913.235487544388,0.140844674506929,0.0158922560513019,1
SOM121_processed.wav,-429.167388916015,40.1241149902343,9.49960708618164,0.688396632671356,-14.5603151321411,-13.4635696411132,-20.0927753448486,-12.2344636917114,-7.08715963363647,-7.90151023864746,-3.9452064037323,-3.60200953483581,-6.68478775024414,0.161142006516456,1110.31601917179,754.946398126074,0.101429584777007,0.0369014739990234,1
SOM122_processed.wav,-443.230377197265,38.2349319458007,12.2892732620239,2.17351579666137,-16.9170761108398,-10.1376991271972,-17.4882831573486,-9.63377952575683,-6.84253740310668,-7.38371610641479,-5.65707349777221,-2.68814587593078,-4.95043802261352,0.147346332669258,1047.91782600174,677.788192976422,0.093208969105366,0.0350996106863021,1
SOM123_processed.wav,-476.762878417968,38.1314468383789,11.6940746307373,-7.45100879669189,-11.0149574279785,-8.09897708892822,-25.8770122528076,-10.6362400054931,-19.6286506652832,0.645862460136413,-4.38706874847412,-8.108154296875,1.22255861759185,0.161849007010459,1114.54094805352,657.23596676116,0.103672832822494,0.0420970469713211,1
SOM124_processed.wav,-470.941619873046,42.4347419738769,17.4729099273681,-12.6597423553466,-15.9836769104003,-10.9118347167968,-28.2263298034667,-9.06761932373046,-19.0772247314453,-0.984211266040802,-1.4611929655075,-2.97828698158264,-1.12777781486511,0.193858414888381,1469.80824372349,902.963532706741,0.14484635971926,0.0370773002505302,1
SOM125_processed.wav,-484.614440917968,32.9480018615722,11.3449163436889,9.35969448089599,-1.45350921154022,-3.43426465988159,-9.209077835083,0.724947988986969,-1.23749077320098,-3.51635718345642,-4.72722673416137,-2.66873884201049,-2.64007782936096,0.19244247674942,1187.03048053392,721.278691361418,0.113966648343105,0.0159093830734491,1
SOM126_processed.wav,-458.697326660156,27.9493160247802,13.3719444274902,25.96142578125,-4.88234519958496,-7.9024019241333,-10.6607666015625,-6.54094743728637,-12.0940628051757,-7.02960109710693,-9.7107286453247,-5.46893787384033,-3.61094141006469,0.202628389000892,1415.41744586436,835.741077369285,0.133315356809701,0.0356766507029533,1
SOM127_processed.wav,-488.935943603515,31.2114543914794,8.25244808197021,6.60199975967407,-9.80745410919189,-13.4680986404418,-15.6440067291259,-10.0330219268798,-9.43192958831787,-1.78582251071929,-7.07262086868286,-1.2690497636795,-2.45932936668396,0.138698458671569,1150.65975331162,646.257774563811,0.110494541799928,0.0262273587286472,1
SOM128_processed.wav,-446.479827880859,56.2983283996582,17.3586120605468,-0.488868445158004,1.29688251018524,-4.72417736053466,-18.8459548950195,-1.69850766658782,-7.04840183258056,-6.93795728683471,-1.85237109661102,-1.28527879714965,-1.43758654594421,0.204979330301284,1339.98418247258,829.307925326195,0.127715912624378,0.0387653186917305,1
SOM129_processed.wav,-479.019378662109,42.2260665893554,15.900050163269,8.90551471710205,-8.59070682525634,-12.2762126922607,-16.9210395812988,-11.7853813171386,-8.18638038635253,-6.77164602279663,-2.86341166496276,-4.75710296630859,-4.9119553565979,0.152167201042175,938.031892340757,651.309760968878,0.0905801628020611,0.0256441198289394,1
SOM130_processed.wav,-520.200805664062,45.232437133789,17.004072189331,16.2123394012451,-3.61022734642028,-20.9667434692382,-23.5369472503662,-16.9240131378173,-15.0128154754638,-6.99099206924438,-9.71301174163818,-7.07494115829467,-3.57144737243652,0.17043612897396,1320.03410996306,807.297490623974,0.129534734252842,0.0222719609737396,1
SOM131_processed.wav,-432.214630126953,44.1070442199707,18.7632617950439,8.33375930786132,6.16539144515991,3.06939387321472,-15.3521556854248,-2.20891571044921,-8.25520610809326,-11.0202016830444,-4.47075176239013,-5.78178167343139,-5.67119550704956,0.203361704945564,1248.63916147141,797.446904726011,0.121081256663113,0.0316497646272182,1
SOM132_processed.wav,-464.382232666015,36.0352516174316,7.23339223861694,6.29870510101318,-4.24099349975585,-11.0506715774536,-15.9597063064575,-10.8003187179565,-21.1227416992187,-6.1158800125122,-8.69518852233886,-8.2169132232666,2.16025447845459,0.183499082922935,1495.29849936799,833.271842952421,0.142864430636993,0.0274926498532295,1
SOM133_processed.wav,-503.638580322265,45.5528259277343,18.3117427825927,7.01536273956298,-1.71310305595397,-11.7992153167724,-20.4727916717529,-9.69262886047363,-10.0266170501708,-6.38447475433349,-8.42168521881103,-1.36291849613189,-3.35329246520996,0.17615358531475,1223.86530746692,837.697397620869,0.120381629797441,0.0241283103823661,1
SOM134_processed.wav,-458.195526123046,49.8646392822265,17.2081298828125,-7.83999156951904,-0.805753409862518,-11.1842279434204,-14.0726337432861,-7.77734518051147,-13.8469152450561,-8.92359447479248,-6.55643224716186,-5.2155385017395,-9.0679121017456,0.171182721853256,1356.96456546702,809.923309939376,0.138534101257107,0.0338893495500087,1
SOM135_processed.wav,-457.833770751953,39.6196708679199,18.2506980895996,15.7413492202758,-1.23598086833953,-1.5359034538269,-14.2010478973388,-14.3729887008667,-20.1121768951416,-8.7845287322998,-9.21140670776367,-10.0042181015014,-5.78073692321777,0.17665821313858,1020.4989447563,690.913416625365,0.0936857981298862,0.0311457589268684,1
SOM136_processed.wav,-430.884155273437,39.7423362731933,13.9324321746826,1.92917454242706,-7.56499290466308,-7.35207319259643,-16.5389099121093,-18.230369567871,-10.1564645767211,-2.54102301597595,-5.50933122634887,-1.91436266899108,-2.84730768203735,0.244416058063507,1565.27540182067,970.321815991814,0.14473530783582,0.0330654755234718,1
SOM137_processed.wav,-470.464813232421,3.98428273200988,6.65157604217529,1.27388286590576,-17.1714992523193,2.16996669769287,-10.9971733093261,-14.8607492446899,-12.5981435775756,-3.50310254096984,4.27816295623779,-12.5213289260864,-1.82202112674713,0.202648743987083,2106.49551300112,968.91955686573,0.209355704735252,0.0415145866572856,1
SOM138_processed.wav,-471.250213623046,5.16113948822021,5.14372634887695,28.4929370880126,5.1802749633789,-5.03051328659057,-6.67034101486206,-7.5924048423767,-9.71909427642822,-14.7420892715454,0.841175496578216,-0.554738938808441,-3.69835662841796,0.240089476108551,1933.9142702753,967.755819431888,0.197120910514392,0.0277751665562391,1
SOM139_processed.wav,-510.85562133789,37.1679496765136,8.42369365692138,14.6123924255371,-2.87389636039733,-7.61584424972534,-13.6282482147216,-10.3158273696899,-10.0616016387939,-5.66962385177612,-3.18317794799804,-1.68357670307159,-7.41076278686523,0.172780811786651,1358.97269993191,797.328706480449,0.132844774453624,0.0175639763474464,1
SOM140_processed.wav,-492.767669677734,65.5982589721679,15.6579933166503,15.2186374664306,9.82685089111328,-13.5515031814575,-18.80122756958,-12.9736347198486,-14.5306749343872,-11.7151126861572,-6.79466390609741,-5.97082233428955,-6.93600988388061,0.226080030202865,1033.26481672978,835.371445150982,0.0979043815520611,0.0277968291193246,1
SOM141_processed.wav,-464.945220947265,35.1236000061035,24.0339927673339,11.6787948608398,-4.31476831436157,-3.97404241561889,-8.40845870971679,-6.94401550292968,-10.4457139968872,-5.98725700378418,-3.39058923721313,-1.58804368972778,-2.47971534729003,0.161734908819198,857.420195989798,569.635688939325,0.0804154450959488,0.0236191693693399,1
SOM142_processed.wav,-452.14907836914,33.4228782653808,3.95054793357849,3.31040215492248,-2.42544770240783,-7.42495965957641,-13.5145368576049,-8.4876651763916,-13.2560873031616,-9.98357677459716,-4.03390884399414,-5.17438411712646,-4.12581777572631,0.142485678195953,1095.04692487959,663.643423778233,0.106221820584577,0.0323189757764339,1
SOM143_processed.wav,-472.476470947265,41.750144958496,4.14915704727172,18.2139282226562,7.25357580184936,-8.28401660919189,-7.16492223739624,-4.13954162597656,-9.79991340637207,-6.62586879730224,-5.2455735206604,-2.65618014335632,-5.7638816833496,0.220325365662574,1239.30099708474,753.122783592355,0.117506427127754,0.0225448049604892,1
SOM144_processed.wav,-548.882446289062,16.577823638916,-8.01893615722656,-1.08086502552032,-8.84193038940429,-1.09390389919281,-6.20351696014404,-9.56759071350097,-7.16683673858642,1.28605651855468,7.08265447616577,-1.68870663642883,-1.01878249645233,0.173321604728698,1216.85932550436,675.316524195499,0.124751174373667,0.0107824373990297,1
SOM145_processed.wav,-423.699279785156,53.0295448303222,7.35336828231811,6.91345024108886,-4.35527420043945,-10.66721534729,-16.7505531311035,-8.23549556732177,-7.30785799026489,-4.66809558868408,-5.67439174652099,-3.92049217224121,-2.585289478302,0.165432915091514,1047.37178812203,655.499334539917,0.102528651385927,0.0462266243994236,1
SOM146_processed.wav,-411.365142822265,42.3162307739257,26.3641414642334,24.0614147186279,5.45062160491943,-10.6384716033935,-1.16099214553833,-12.722692489624,-13.5295009613037,-13.352162361145,-7.64376211166381,-6.9672884941101,-7.61912679672241,0.269685894250869,1926.54674024652,1293.02736184179,0.176535014658848,0.0480417646467685,1
SOM147_processed.wav,-464.505157470703,6.192138671875,4.5878415107727,26.6023597717285,6.32582139968872,-4.00596475601196,-6.9424409866333,-6.62490224838256,-8.81815433502197,-13.8883829116821,1.04070627689361,-1.09126365184783,-3.65389919281005,0.241315513849258,1903.32226293465,951.435773379098,0.193698083244491,0.0280652567744255,1
SOM148_processed.wav,-470.70132446289,42.0389404296875,4.35776567459106,17.7827186584472,7.39330291748046,-8.45165634155273,-6.96028518676757,-3.98181462287902,-9.89088821411132,-6.78329801559448,-5.24051618576049,-2.61618971824646,-5.59447240829467,0.215398162603378,1176.95190389321,728.661856603134,0.112866887659914,0.0222101956605911,1
SOM149_processed.wav,-487.251068115234,12.606834411621,7.40941762924194,-13.9340410232543,-5.23281621932983,-5.00742578506469,-18.2665710449218,-6.55826473236084,-5.07428693771362,-3.37009072303771,0.278067797422409,-2.06180930137634,-1.59328496456146,0.214137807488441,1875.41285159999,794.457573714646,0.196129425417555,0.0404862947762012,1
SOM150_processed.wav,-457.037536621093,48.8783264160156,25.0664596557617,17.8106517791748,-1.76361525058746,2.00394344329834,1.71256232261657,-9.63452529907226,-6.29391288757324,-5.4289059638977,-7.279953956604,-4.79810333251953,-12.35298538208,0.266503095626831,1674.08670495236,1159.58476779074,0.159543382418265,0.0277763530611991,1
SOM151_processed.wav,-461.396057128906,47.3563194274902,14.3101806640625,17.1982669830322,5.43720865249633,1.28211116790771,4.1947865486145,-7.97673606872558,-11.6570024490356,-2.79772543907165,-4.87904739379882,-7.15333127975463,-4.9203724861145,0.251322120428085,1389.59336410021,865.284159579986,0.129639886504975,0.0337372459471225,1
SOM152_processed.wav,-437.485687255859,41.1771545410156,16.4389686584472,10.5203027725219,-1.46602284908294,-0.887193918228149,-14.266562461853,-12.1765184402465,-9.49214839935302,-7.04278326034545,-6.6268720626831,-1.50900375843048,-5.36359310150146,0.172794967889785,962.363966095259,719.956646556614,0.0796224652407604,0.0381400063633918,1
SOM153_processed.wav,-490.23550415039,37.6257934570312,-0.936580896377563,15.0993452072143,3.91962504386901,0.853626668453216,-11.5322294235229,-4.02353763580322,-3.38618230819702,2.69174766540527,-2.03270244598388,-1.11954867839813,-1.91052448749542,0.202041208744049,1125.24982312075,649.876622315093,0.106973155983475,0.0178734827786684,1
SOM154_processed.wav,-468.484100341796,45.1758766174316,21.3434333801269,11.2677183151245,-8.44976043701171,-11.254521369934,-12.6672382354736,-13.2353229522705,-8.96083068847656,-6.09442901611328,-7.93967199325561,-1.3511027097702,-1.40799391269683,0.182301744818687,1065.41575317422,697.348906846478,0.106263465040867,0.0255867335945367,1
SOM155_processed.wav,-502.3857421875,19.8345565795898,6.50813198089599,9.87145805358886,-7.88088703155517,-10.6033182144165,-3.52582550048828,-7.23681735992431,-10.6412000656127,-5.65200853347778,-3.48637747764587,-2.36770939826965,-3.80585360527038,0.153772965073585,961.52871711485,619.416007345205,0.0880169465174129,0.0184642039239406,1
SOM156_processed.wav,-441.76480102539,37.0451164245605,14.5316944122314,1.564910531044,-2.2949776649475,-4.84786701202392,-11.1956777572631,-3.13808822631835,-11.7056322097778,-2.65354752540588,-2.93994307518005,-1.87688481807708,-2.50097966194152,0.186830669641494,1251.63786897887,742.621056539702,0.116705118381307,0.0300756860524415,1
SOM157_processed.wav,-518.076232910156,33.5204010009765,24.7413520812988,4.90300321578979,4.29448556900024,8.04365634918212,-2.09600234031677,-6.56657361984252,-12.8730344772338,-4.94815444946289,-9.37609672546386,-7.72754096984863,-4.70307731628418,0.181116551160812,1005.17444872462,630.187355948545,0.0898260511060767,0.0168189629912376,1
SOM158_processed.wav,-458.231262207031,46.0947036743164,13.2250003814697,5.56996154785156,4.9677300453186,-3.9321219921112,-5.10086250305175,-7.45907306671142,-6.44657850265502,-3.27666020393371,-4.8545184135437,-1.24823772907257,-3.11877107620239,0.224306032061576,1201.72070976639,858.972557677119,0.107059221193141,0.019415320828557,1
SOM159_processed.wav,-469.716247558593,39.3833999633789,7.02000474929809,8.47002124786377,1.74211823940277,-3.28115034103393,-4.66850614547729,-9.97050285339355,-5.25272130966186,-6.5074725151062,-5.7023024559021,-2.35344791412353,-2.98110938072204,0.205853909254074,1108.49068647549,758.941604857192,0.103980654761904,0.0168173220008611,1
SOM160_processed.wav,-497.950378417968,21.962718963623,-6.09327268600463,1.77910828590393,-12.9402656555175,-10.6609802246093,-8.26824474334716,-4.68614149093627,-4.29488039016723,0.551853358745575,-1.15136289596557,0.0420381687581539,0.583059668540954,0.227365791797637,1337.74157944336,694.317394934807,0.139978122778962,0.0175609420984983,1
SOM161_processed.wav,-441.308319091796,42.6900787353515,13.7839775085449,13.1481056213378,-8.20693683624267,-19.0135879516601,-13.6743059158325,-6.49887418746948,-9.27151775360107,-7.1095061302185,-6.86803913116455,-4.50580358505249,-5.29597568511962,0.164234980940818,1143.36670584154,744.672866022049,0.121602506441009,0.0340667478740215,1
SOM162_processed.wav,-460.494323730468,40.8109474182128,-4.75090312957763,8.84129047393798,2.39766788482666,-13.66805934906,-18.000991821289,-11.7771921157836,-12.3609504699707,-8.20660591125488,-3.53492188453674,-2.68720173835754,-4.30259943008422,0.160876542329788,1140.79684269492,697.454661258724,0.122529789667732,0.0238811243325471,1
SOM163_processed.wav,-461.968536376953,35.3199958801269,12.7990465164184,7.26706790924072,0.949358701705932,-10.1618242263793,-14.4932622909545,-6.95561170578002,-3.57923245429992,-5.72018384933471,-5.2709937095642,-2.91470408439636,-2.95594954490661,0.167643576860427,1191.77309497615,620.90775596775,0.120975757373845,0.0263216793537139,1
SOM164_processed.wav,-483.081970214843,13.8718528747558,12.2304811477661,9.83681297302246,-3.85697340965271,0.898602783679962,-13.8522882461547,-11.4024953842163,-6.98104763031005,-10.9722261428833,4.36503791809082,-4.01400423049926,-6.77947092056274,0.211606547236442,1665.069300618,931.423554322956,0.166032282782516,0.0222862437367439,1
SOM165_processed.wav,-469.874114990234,48.3297958374023,13.6212406158447,15.4656629562377,-1.55410289764404,-2.12824368476867,-5.16910934448242,-13.3938770294189,-6.77034664154052,-7.04147386550903,-6.94268321990966,-4.96554946899414,-1.71282827854156,0.207554429769516,1226.29567054242,941.638710116507,0.10904427360963,0.0223847813904285,1
SOM166_processed.wav,-493.476287841796,28.1961002349853,5.21026134490966,-0.0104590049013495,-11.5272550582885,-10.6255960464477,-10.0258388519287,-5.21044540405273,-5.7262225151062,-3.49157834053039,0.0171713326126337,-2.70155191421508,-0.249171450734138,0.18700848519802,1091.96825749426,663.468990996175,0.106129855743603,0.0158927123993635,1
SOM167_processed.wav,-465.222290039062,54.6328964233398,16.6661033630371,16.539810180664,-3.35178208351135,-3.60286903381347,-7.89000606536865,-5.77092599868774,-4.21380233764648,-5.94790506362915,-2.91349482536315,-6.41347932815551,-5.06784486770629,0.264658778905868,1045.41087650475,861.477040362621,0.0956069957133973,0.0248659867793321,1
SOM168_processed.wav,-427.307525634765,33.8336181640625,20.463523864746,8.92968082427978,-6.85228729248046,-13.4943714141845,-19.0390090942382,-13.5691518783569,-9.95623397827148,-8.82675647735595,-7.94566631317138,-4.25393629074096,-5.34945821762085,0.166520938277244,1316.30680518423,879.780582139563,0.130407532649253,0.0262777358293533,1
SOM169_processed.wav,-457.586853027343,40.1609764099121,21.6417694091796,5.88338804244995,-4.84007024765014,-3.29288744926452,-10.9549074172973,-11.4421195983886,-9.32898235321045,-9.35039806365966,-8.93672275543212,-3.81984496116638,-5.87800598144531,0.164824530482292,930.372553953813,580.246482585916,0.0914401208244491,0.021591193974018,1
SOM170_processed.wav,-513.625793457031,31.9977684020996,11.5614919662475,6.00413608551025,-6.83747673034668,-2.96884059906005,-12.3556613922119,-13.0893802642822,-11.7992877960205,-9.50964546203613,-8.5637559890747,-5.5388970375061,-0.0765763893723487,0.217344552278518,1627.29228584791,1038.9732175576,0.153646180370469,0.0172497052699327,1
SOM171_processed.wav,-481.081726074218,42.379596710205,21.6042613983154,-9.73939132690429,-9.3074893951416,-15.130874633789,-18.0301036834716,-8.73221397399902,-8.97980117797851,-4.13175249099731,-3.26748037338256,-1.8786062002182,0.932592570781707,0.205399736762046,1248.93098816394,779.805907448027,0.124668232498223,0.0274763591587543,1
SOM172_processed.wav,-511.816802978515,3.88078165054321,10.8641662597656,-1.32275998592376,-8.13284301757812,-3.58450531959533,-8.50995540618896,-14.5983304977417,-8.09222888946533,-0.696576535701751,-3.04281115531921,-7.14749765396118,3.17581248283386,0.247530251741409,2244.87270017447,1208.54584497192,0.208054662513326,0.0166503898799419,1
SOM173_processed.wav,-504.904754638671,3.64549112319946,15.2692623138427,13.4832820892333,-16.1501502990722,-3.92758107185363,-10.1650018692016,-2.14134669303894,-2.59950947761535,-6.57878446578979,-5.57859134674072,-7.18261289596557,-7.7208514213562,0.177829086780548,1731.21037458003,936.18122664682,0.153888412291222,0.0121154645457863,1
SOM174_processed.wav,-472.741119384765,52.8603019714355,21.3122272491455,3.79025697708129,-4.81593227386474,-8.99234199523925,-15.6610031127929,-10.4327487945556,-14.4221248626708,-7.70392227172851,-10.2693510055542,-7.84399509429931,-4.8351821899414,0.175778791308403,974.162013807149,700.528960356692,0.0965433019056503,0.03294338285923,1
SOM175_processed.wav,-465.338012695312,42.3660850524902,10.7291221618652,4.63783168792724,-9.04708194732666,-11.4612855911254,-14.4322166442871,-8.50905227661132,-6.49615764617919,-4.7647213935852,-7.29446792602539,-4.43275594711303,-3.48187255859375,0.171963170170784,1269.97822523517,813.65048910324,0.126692153073916,0.0255082752555608,1
SOM176_processed.wav,-454.076232910156,32.7838478088378,1.23844492435455,8.89312744140625,-16.3592891693115,-9.78455066680908,-21.4881153106689,-8.77849292755127,-3.04854393005371,-9.09590911865234,-4.59542989730835,-8.40871238708496,-5.546959400177,0.215826362371444,1771.92572916146,988.770051280866,0.171392271344172,0.024209814146161,1
SOM177_processed.wav,-543.535888671875,33.7740478515625,4.82625436782836,17.7771377563476,-1.06502664089202,-7.02634572982788,-10.4207019805908,-14.195421218872,-12.5158195495605,-8.91968822479248,-8.60046195983886,-8.45520973205566,-0.925304353237152,0.205249264836311,1307.47665324514,910.887973364058,0.114618731121179,0.0111659262329339,1
SOM178_processed.wav,-526.783752441406,18.8925304412841,2.62541890144348,-0.788997888565063,-3.79663681983947,-8.91355419158935,-5.12064933776855,-5.92745447158813,-5.55205059051513,-2.53233575820922,-3.89656519889831,-1.75179815292358,-3.2277545928955,0.128811880946159,1116.17608044076,576.931256673599,0.105227212153518,0.00876908283680677,1
SOM179_processed.wav,-547.363159179687,34.414077758789,-1.13667619228363,-3.31776142120361,-5.09649419784545,-9.7548599243164,-6.41524791717529,-9.00905799865722,-13.0583248138427,-2.17111682891845,-0.324541807174682,-1.55903720855712,-2.02627754211425,0.171195477247238,998.112314442628,550.534289503789,0.0976801955623667,0.0141547564417123,1
SOM180_processed.wav,-508.790740966796,33.5886421203613,14.1545305252075,4.44824028015136,-3.46998786926269,-4.36470174789428,-12.278977394104,-8.49089527130127,-11.7859849929809,-8.7186574935913,-6.72864341735839,-2.24315237998962,-4.41154861450195,0.156809985637664,1194.88773067457,703.865055823915,0.118735632662579,0.0157776065170764,1
SOM181_processed.wav,-437.106384277343,37.7247009277343,4.17817306518554,3.13981008529663,-11.1340398788452,-15.4751119613647,-11.1076116561889,-10.3052282333374,-8.39389705657959,-5.42302656173706,-2.55058765411376,0.937033057212829,-1.54150629043579,0.164209708571434,1265.10387749348,731.789841535047,0.125328644167555,0.0386195704340934,1
SOM182_processed.wav,-492.771057128906,40.5518112182617,13.7683372497558,11.9957704544067,-5.79480934143066,-2.2327389717102,-11.9967937469482,-10.6093654632568,-9.48384571075439,-11.5295858383178,-8.49634647369384,-4.69980525970459,-6.79122924804687,0.184842854738235,1260.92490573546,788.700924806226,0.128887162957533,0.0258044674992561,1
SOM183_processed.wav,-444.7529296875,50.3597183227539,22.6197242736816,16.6242408752441,-11.4610691070556,-24.0805130004882,-10.9854269027709,-11.7398023605346,-17.450231552124,-3.87515616416931,-7.6975073814392,-9.2759780883789,-1.23653256893157,0.238986104726791,1803.73844839372,1073.04307377579,0.184150050528606,0.0364468395709991,1
SOM184_processed.wav,-437.090270996093,69.4402999877929,9.66542816162109,22.6730804443359,-1.13962888717651,-11.2866449356079,-17.1432628631591,-13.6216459274292,-6.51029920578002,-12.5829696655273,-4.51355504989624,-0.542066991329193,-7.32655382156372,0.27396136522293,1547.68359552898,955.181308536922,0.151847486895877,0.0354445837438106,1
SOM185_processed.wav,-472.748138427734,27.3073558807373,20.2199516296386,13.9953966140747,2.24506092071533,-2.85366559028625,-6.00584268569946,-6.01676416397094,-9.35948181152343,-9.83612823486328,-3.05056428909301,-3.64164066314697,-6.3966941833496,0.174518153071403,1232.84318819535,709.301781366668,0.125534090151918,0.0231359358876943,1
SOM186_processed.wav,-508.402526855468,26.7246665954589,5.82532930374145,5.28733587265014,2.92130541801452,-1.56802141666412,-5.90645122528076,-8.39072799682617,-11.4543733596801,-8.25738334655761,-2.56847167015075,-7.17709922790527,-3.34273076057434,0.234953075647354,1947.89717234623,1148.6496475736,0.190387696006574,0.0156387649476528,1
SOM187_processed.wav,-523.046569824218,39.943992614746,25.9034156799316,-0.184112608432769,-1.55247771739959,-16.7896747589111,-23.3343276977539,-7.45666980743408,-15.7967252731323,-1.0609712600708,-5.37081289291381,-5.42985010147094,-4.56381559371948,0.2306539863348,2037.47215045365,1229.41336633107,0.214976665222992,0.0222119633108377,1
SOM188_processed.wav,-438.55029296875,30.3106250762939,9.7676248550415,-0.249930500984191,-20.6025485992431,-7.85896015167236,-7.17808628082275,-10.9736022949218,-12.279854774475,-2.26451277732849,-10.1686153411865,-5.41786527633667,-6.61590909957885,0.178518772125244,1433.19489300726,824.652660490966,0.13058903307125,0.0315915308892726,1
SOM189_processed.wav,-479.151977539062,54.3884391784668,21.682632446289,18.3052387237548,4.7655553817749,-10.6189126968383,-13.8734436035156,-7.3319411277771,-10.0531158447265,-10.3210363388061,-3.23357343673706,-2.40152764320373,-4.41191387176513,0.219659596681594,1256.76941525384,875.998950198823,0.112560106831911,0.0232424736022949,1
SOM190_processed.wav,-560.323974609375,17.2995548248291,-3.66455626487731,-7.54288959503173,8.97270584106445,7.00825452804565,-6.67558813095092,-17.7918872833251,-15.5765228271484,2.57295274734497,2.85185670852661,-4.04821920394897,-3.81666445732116,0.228761672973632,1780.36689955862,1095.32152085681,0.1800369663957,0.00768323941156268,1
SOM191_processed.wav,-497.709747314453,44.9366722106933,2.09130001068115,23.0341644287109,-2.04055500030517,-0.387871086597442,-13.6243486404418,-12.5285234451293,-7.27120971679687,-2.1378014087677,0.288689851760864,-4.39289999008178,-5.94451236724853,0.194534704089164,1156.33856192621,760.977555754845,0.0995271271988273,0.0209631063044071,1
SOM192_processed.wav,-420.604339599609,50.8062858581543,19.3777866363525,7.37829542160034,6.63118886947631,-8.66676902770996,-10.1942863464355,-2.48758363723754,-12.7006559371948,-4.10139465332031,-4.94436597824096,-5.24832534790039,-10.6309604644775,0.189609661698341,1129.87806415248,807.026031963456,0.102476248778429,0.048057485371828,1
SOM193_processed.wav,-492.212341308593,44.5359458923339,15.8569765090942,12.0577917098999,7.28535413742065,-9.10030841827392,-14.1871528625488,-8.67285060882568,-7.28593492507934,-8.2829008102417,-5.42394685745239,-4.25847816467285,-3.02447056770324,0.206041485071182,1046.85090667909,712.964869293287,0.0990561978056147,0.0202009920030832,1
SOM194_processed.wav,-478.844573974609,59.5431213378906,11.8706579208374,4.14454650878906,-3.67344975471496,-9.60857391357421,-18.7055587768554,-13.587942123413,-11.6716699600219,-8.35273456573486,-9.33626270294189,-6.28892517089843,-4.0830807685852,0.216881230473518,1447.62547856031,950.101314492433,0.145454021743958,0.0248136967420578,1
SOM195_processed.wav,-453.159637451171,47.2634315490722,24.5089035034179,5.66900396347045,-8.86099433898925,-10.1893320083618,-19.7468547821044,-12.7507314682006,-16.7311954498291,-8.44507026672363,-7.82541418075561,-6.15420532226562,-3.2200801372528,0.238508999347686,1686.92074077218,1066.42055391149,0.158659131796375,0.0428106635808944,1
SOM196_processed.wav,-490.853942871093,44.8639602661132,15.1266965866088,13.2740173339843,6.41463232040405,-2.58381652832031,-11.0867776870727,-9.13266849517822,-7.8952088356018,-5.26530265808105,-5.55793905258178,-5.44637393951416,-0.893840014934539,0.226546734571456,1372.29107567635,783.088152345426,0.140690590018656,0.0174325350672006,1
SOM197_processed.wav,-499.328094482421,35.6439361572265,5.62952423095703,9.60259914398193,-4.65061521530151,-6.65279960632324,-13.0376853942871,-14.0625944137573,-10.0698471069335,-6.676522731781,-5.66717004776001,-4.40745210647583,-1.69984412193298,0.162331596016883,1004.25387388095,682.671974247283,0.0917326731298862,0.0158387031406164,1
SOM198_processed.wav,-471.78482055664,0.496826529502868,19.8937034606933,-7.0548505783081,-4.77159595489501,-1.74988865852355,-11.124433517456,-0.395312070846557,-8.99973392486572,-0.634798109531402,-2.53505396842956,-0.54620212316513,-1.9931811094284,0.194048479199409,2030.41209731018,1105.37000336828,0.184863905916844,0.0225475169718265,1
SOM199_processed.wav,-492.889984130859,42.3465690612793,9.11816310882568,11.2192296981811,-1.20817959308624,-3.04606842994689,-13.4817609786987,-10.1078310012817,-5.97747611999511,-5.01782989501953,-5.44741582870483,-1.85859763622283,-0.14831818640232,0.166444867849349,967.589143732155,616.961729722548,0.0924808851945629,0.0253888629376888,1
SOM200_processed.wav,-454.929534912109,46.2404098510742,8.69871997833252,6.27297639846801,-7.37729549407959,-11.6567487716674,-11.9281663894653,-8.8645372390747,-9.61420154571533,-6.47778463363647,-6.19157266616821,-1.82140326499938,-5.46620416641235,0.196217656135559,1094.72484878526,794.270946248544,0.0978020055970149,0.023181639611721,1
